Port,,AF0,AF1,AF2,AF3,AF4,AF5,AF6,AF7,AF8,AF9,AF10,AF11,AF12,AF13,AF14,AF15,
,,SYS,TIM1/2,TIM3/4/5,TIM8/9/10/11,I2C1/2/3,SPI1/2/3/4/5/6,SPI2/3/SAI1,SPI2/3/USART1/2/3,USART6/UART4/5/7/8,CAN1/2/TIM12/13/14/QUADSPI/LCD,QUADSPI/OTG2_HS/OTG1_FS,ETH,FMC/SDIO/OTG2_FS,DCMI/DSIHOST,LCD,SYS,ADC
PortA,PA0,,TIM2_CH1/TIM2_ETR,TIM5_CH1,TIM8_ETR,,,,USART2_CTS,UART4_TX,,,ETH_MII_CRS,,,,EVENTOUT,ADC123_IN0
PortA,PA1,,TIM2_CH2,TIM5_CH2,,,,,USART2_RTS,UART4_RX,QUADSPI_BK1_IO3,,ETH_MII_RX_CLK/ETH_RMII_REF_CLK,,,LCD_R2,EVENTOUT,ADC123_IN1
PortA,PA2,,TIM2_CH3,TIM5_CH3,TIM9_CH1,,,,USART2_TX,,,,ETH_MDIO,,,LCD_R1,EVENTOUT,ADC123_IN2
PortA,PA3,,TIM2_CH4,TIM5_CH4,TIM9_CH2,,,,USART2_RX,,LCD_B2,OTG_HS_ULPI_D0,ETH_MII_COL,,,LCD_B5,EVENTOUT,ADC123_IN3
PortA,PA4,,,,,,SPI1_NSS,SPI3_NSS/I2S3_WS,USART2_CK,,,,,OTG_HS_SOF,DCMI_HSYNC,LCD_VSYNC,EVENTOUT,ADC12_IN4
PortA,PA5,,TIM2_CH1/TIM2_ETR,,TIM8_CH1N,,SPI1_SCK,,,,,OTG_HS_ULPI_CK,,,,LCD_R4,EVENTOUT,ADC12_IN5
PortA,PA6,,TIM1_BKIN,TIM3_CH1,TIM8_BKIN,,SPI1_MISO,,,,TIM13_CH1,,,,DCMI_PIXCLK,LCD_G2,EVENTOUT,ADC12_IN6
PortA,PA7,,TIM1_CH1N,TIM3_CH2,TIM8_CH1N,,SPI1_MOSI,,,,TIM14_CH1,QUADSPI_CLK,ETH_MII_RX_DV/ETH_RMII_CRS_DV,FMC_SDNWE,,,EVENTOUT,ADC12_IN7
PortA,PA8,MCO1,TIM1_CH1,,,I2C3_SCL,,,USART1_CK,,,OTG_FS_SOF,,,,LCD_R6,EVENTOUT,
PortA,PA9,,TIM1_CH2,,,I2C3_SMBA,SPI2_SCK/I2S2_CK,,USART1_TX,,,,,,DCMI_D0,,EVENTOUT,
PortA,PA10,,TIM1_CH3,,,,,,USART1_RX,,,OTG_FS_ID,,,DCMI_D1,,EVENTOUT,
PortA,PA11,,TIM1_CH4,,,,,,USART1_CTS,,CAN1_RX,OTG_FS_DM,,,,LCD_R4,EVENTOUT,
PortA,PA12,,TIM1_ETR,,,,,,USART1_RTS,,CAN1_TX,OTG_FS_DP,,,,LCD_R5,EVENTOUT,
PortA,PA13,JTMS/SWDIO,,,,,,,,,,,,,,,EVENTOUT,
PortA,PA14,JTCK/SWCLK,,,,,,,,,,,,,,,EVENTOUT,
PortA,PA15,JTDI,TIM2_CH1/TIM2_ETR,,,,SPI1_NSS,SPI3_NSS/I2S3_WS,,,,,,,,,EVENTOUT,
PortB,PB0,,TIM1_CH2N,TIM3_CH3,TIM8_CH2N,,,,,,LCD_R3,OTG_HS_ULPI_D1,ETH_MII_RXD2,,,LCD_G1,EVENTOUT,ADC12_IN8
PortB,PB1,,TIM1_CH3N,TIM3_CH4,TIM8_CH3N,,,,,,LCD_R6,OTG_HS_ULPI_D2,ETH_MII_RXD3,,,LCD_G0,EVENTOUT,ADC12_IN9
PortB,PB2,,,,,,,,,,,,,,,,EVENTOUT,
PortB,PB3,JTDO/TRACESWO,TIM2_CH2,,,,SPI1_SCK,SPI3_SCK/I2S3_CK,,,,,,,,,EVENTOUT,
PortB,PB4,NJTRST,,TIM3_CH1,,,SPI1_MISO,SPI3_MISO,I2S3_EXTSD,,,,,,,,EVENTOUT,
PortB,PB5,,,TIM3_CH2,,I2C1_SMBA,SPI1_MOSI,SPI3_MOSI/I2S3_SD,,,CAN2_RX,OTG_HS_ULPI_D7,ETH_PPS_OUT,FMC_SDCKE1,DCMI_D10,LCD_G7,EVENTOUT,
PortB,PB6,,,TIM4_CH1,,I2C1_SCL,,,USART1_TX,,CAN2_TX,QUADSPI_BK1_NCS,,FMC_SDNE1,DCMI_D5,,EVENTOUT,
PortB,PB7,,,TIM4_CH2,,I2C1_SDA,,,USART1_RX,,,,,FMC_NL,DCMI_VSYNC,,EVENTOUT,
PortB,PB8,,,TIM4_CH3,TIM10_CH1,I2C1_SCL,,,,,CAN1_RX,,ETH_MII_TXD3,SDIO_D4,DCMI_D6,LCD_B6,EVENTOUT,
PortB,PB9,,,TIM4_CH4,TIM11_CH1,I2C1_SDA,SPI2_NSS/I2S2_WS,,,,CAN1_TX,,,SDIO_D5,DCMI_D7,LCD_B7,EVENTOUT,
PortB,PB10,,TIM2_CH3,,,I2C2_SCL,SPI2_SCK/I2S2_CK,,USART3_TX,,QUADSPI_BK1_NCS,OTG_HS_ULPI_D3,ETH_MII_RX_ER,,,LCD_G4,EVENTOUT,
PortB,PB11,,TIM2_CH4,,,I2C2_SDA,,,USART3_RX,,,OTG_HS_ULPI_D4,ETH_MII_TX_EN/ETH_RMII_TX_EN,,DSIHOST_TE,LCD_G5,EVENTOUT,
PortB,PB12,,TIM1_BKIN,,,I2C2_SMBA,SPI2_NSS/I2S2_WS,,USART3_CK,,CAN2_RX,OTG_HS_ULPI_D5,ETH_MII_TXD0/ETH_RMII_TXD0,OTG_HS_ID,,,EVENTOUT,
PortB,PB13,,TIM1_CH1N,,,,SPI2_SCK/I2S2_CK,,USART3_CTS,,CAN2_TX,OTG_HS_ULPI_D6,ETH_MII_TXD1/ETH_RMII_TXD1,,,,EVENTOUT,
PortB,PB14,,TIM1_CH2N,,TIM8_CH2N,,SPI2_MISO,I2S2_EXTSD,USART3_RTS,,TIM12_CH1,,,OTG_HS_DM,,,EVENTOUT,
PortB,PB15,RTC_REFIN,TIM1_CH3N,,TIM8_CH3N,,SPI2_MOSI/I2S2_SD,,,,TIM12_CH2,,,OTG_HS_DP,,,EVENTOUT,
PortC,PC0,,,,,,,,,,,OTG_HS_ULPI_STP,,FMC_SDNWE,,LCD_R5,EVENTOUT,ADC123_IN10
PortC,PC1,TRACED0,,,,,SPI2_MOSI/I2S2_SD,SAI1_SD_A,,,,,ETH_MDC,,,,EVENTOUT,ADC123_IN11
PortC,PC2,,,,,,SPI2_MISO,I2S2_EXTSD,,,,OTG_HS_ULPI_DIR,ETH_MII_TXD2,FMC_SDNE0,,,EVENTOUT,ADC123_IN12
PortC,PC3,,,,,,SPI2_MOSI/I2S2_SD,,,,,OTG_HS_ULPI_NXT,ETH_MII_TX_CLK,FMC_SDCKE0,,,EVENTOUT,ADC123_IN13
PortC,PC4,,,,,,,,,,,,ETH_MII_RXD0/ETH_RMII_RXD0,FMC_SDNE0,,,EVENTOUT,ADC12_IN14
PortC,PC5,,,,,,,,,,,,ETH_MII_RXD1/ETH_RMII_RXD1,FMC_SDCKE0,,,EVENTOUT,ADC12_IN15
PortC,PC6,,,TIM3_CH1,TIM8_CH1,,I2S2_MCK,,,USART6_TX,,,,SDIO_D6,DCMI_D0,LCD_HSYNC,EVENTOUT,
PortC,PC7,,,TIM3_CH2,TIM8_CH2,,,I2S3_MCK,,USART6_RX,,,,SDIO_D7,DCMI_D1,LCD_G6,EVENTOUT,
PortC,PC8,TRACED1,,TIM3_CH3,TIM8_CH3,,,,,USART6_CK,,,,SDIO_D0,DCMI_D2,,EVENTOUT,
PortC,PC9,MCO2,,TIM3_CH4,TIM8_CH4,I2C3_SDA,I2S_CKIN,,,,QUADSPI_BK1_IO0,,,SDIO_D1,DCMI_D3,,EVENTOUT,
PortC,PC10,,,,,,,SPI3_SCK/I2S3_CK,USART3_TX,UART4_TX,QUADSPI_BK1_IO1,,,SDIO_D2,DCMI_D8,LCD_R2,EVENTOUT,
PortC,PC11,,,,,,I2S3_EXTSD,SPI3_MISO,USART3_RX,UART4_RX,QUADSPI_BK2_NCS,,,SDIO_D3,DCMI_D4,,EVENTOUT,
PortC,PC12,TRACED3,,,,,,SPI3_MOSI/I2S3_SD,USART3_CK,UART5_TX,,,,SDIO_CK,DCMI_D9,,EVENTOUT,
PortC,PC13,,,,,,,,,,,,,,,,EVENTOUT,
PortC,PC14,,,,,,,,,,,,,,,,EVENTOUT,
PortC,PC15,,,,,,,,,,,,,,,,EVENTOUT,
PortD,PD0,,,,,,,,,,CAN1_RX,,,FMC_D2,,,EVENTOUT,
PortD,PD1,,,,,,,,,,CAN1_TX,,,FMC_D3,,,EVENTOUT,
PortD,PD2,TRACED2,,TIM3_ETR,,,,,,UART5_RX,,,,SDIO_CMD,DCMI_D11,,EVENTOUT,
PortD,PD3,,,,,,SPI2_SCK/I2S2_CK,,USART2_CTS,,,,,FMC_CLK,DCMI_D5,LCD_G7,EVENTOUT,
PortD,PD4,,,,,,,,USART2_RTS,,,,,FMC_NOE,,,EVENTOUT,
PortD,PD5,,,,,,,,USART2_TX,,,,,FMC_NWE,,,EVENTOUT,
PortD,PD6,,,,,,SPI3_MOSI/I2S3_SD,SAI1_SD_A,USART2_RX,,,,,FMC_NWAIT,DCMI_D10,LCD_B2,EVENTOUT,
PortD,PD7,,,,,,,,USART2_CK,,,,,FMC_NE1,,,EVENTOUT,
PortD,PD8,,,,,,,,USART3_TX,,,,,FMC_D13,,,EVENTOUT,
PortD,PD9,,,,,,,,USART3_RX,,,,,FMC_D14,,,EVENTOUT,
PortD,PD10,,,,,,,,USART3_CK,,,,,FMC_D15,,LCD_B3,EVENTOUT,
PortD,PD11,,,,,,,,USART3_CTS,,QUADSPI_BK1_IO0,,,FMC_A16/FMC_CLE,,,EVENTOUT,
PortD,PD12,,,TIM4_CH1,,,,,USART3_RTS,,QUADSPI_BK1_IO1,,,FMC_A17/FMC_ALE,,,EVENTOUT,
PortD,PD13,,,TIM4_CH2,,,,,,,QUADSPI_BK1_IO3,,,FMC_A18,,,EVENTOUT,
PortD,PD14,,,TIM4_CH3,,,,,,,,,,FMC_D0,,,EVENTOUT,
PortD,PD15,,,TIM4_CH4,,,,,,,,,,FMC_D1,,,EVENTOUT,
PortE,PE0,,,TIM4_ETR,,,,,,UART8_RX,,,,FMC_NBL0,DCMI_D2,,EVENTOUT,
PortE,PE1,,,,,,,,,UART8_TX,,,,FMC_NBL1,DCMI_D3,,EVENTOUT,
PortE,PE2,TRACECLK,,,,,SPI4_SCK,SAI1_MCLK_A,,,QUADSPI_BK1_IO2,,ETH_MII_TXD3,FMC_A23,,,EVENTOUT,
PortE,PE3,TRACED0,,,,,,SAI1_SD_B,,,,,,FMC_A19,,,EVENTOUT,
PortE,PE4,TRACED1,,,,,SPI4_NSS,SAI1_FS_A,,,,,,FMC_A20,DCMI_D4,LCD_B0,EVENTOUT,
PortE,PE5,TRACED2,,,TIM9_CH1,,SPI4_MISO,SAI1_SCK_A,,,,,,FMC_A21,DCMI_D6,LCD_G0,EVENTOUT,
PortE,PE6,TRACED3,,,TIM9_CH2,,SPI4_MOSI,SAI1_SD_A,,,,,,FMC_A22,DCMI_D7,LCD_G1,EVENTOUT,
PortE,PE7,,TIM1_ETR,,,,,,,UART7_RX,,QUADSPI_BK2_IO0,,FMC_D4,,,EVENTOUT,
PortE,PE8,,TIM1_CH1N,,,,,,,UART7_TX,,QUADSPI_BK2_IO1,,FMC_D5,,,EVENTOUT,
PortE,PE9,,TIM1_CH1,,,,,,,,,QUADSPI_BK2_IO2,,FMC_D6,,,EVENTOUT,
PortE,PE10,,TIM1_CH2N,,,,,,,,,QUADSPI_BK2_IO3,,FMC_D7,,,EVENTOUT,
PortE,PE11,,TIM1_CH2,,,,SPI4_NSS,,,,,,,FMC_D8,,LCD_G3,EVENTOUT,
PortE,PE12,,TIM1_CH3N,,,,SPI4_SCK,,,,,,,FMC_D9,,LCD_B4,EVENTOUT,
PortE,PE13,,TIM1_CH3,,,,SPI4_MISO,,,,,,,FMC_D10,,LCD_DE,EVENTOUT,
PortE,PE14,,TIM1_CH4,,,,SPI4_MOSI,,,,,,,FMC_D11,,LCD_CLK,EVENTOUT,
PortE,PE15,,TIM1_BKIN,,,,,,,,,,,FMC_D12,,LCD_R7,EVENTOUT,
PortF,PF0,,,,,I2C2_SDA,,,,,,,,FMC_A0,,,EVENTOUT,
PortF,PF1,,,,,I2C2_SCL,,,,,,,,FMC_A1,,,EVENTOUT,
PortF,PF2,,,,,I2C2_SMBA,,,,,,,,FMC_A2,,,EVENTOUT,
PortF,PF3,,,,,,,,,,,,,FMC_A3,,,EVENTOUT,ADC3_IN9
PortF,PF4,,,,,,,,,,,,,FMC_A4,,,EVENTOUT,ADC3_IN14
PortF,PF5,,,,,,,,,,,,,FMC_A5,,,EVENTOUT,ADC3_IN15
PortF,PF6,,,,TIM10_CH1,,SPI5_NSS,SAI1_SD_B,,UART7_RX,QUADSPI_BK1_IO3,,,,,,EVENTOUT,ADC3_IN4
PortF,PF7,,,,TIM11_CH1,,SPI5_SCK,SAI1_MCLK_B,,UART7_TX,QUADSPI_BK1_IO2,,,,,,EVENTOUT,ADC3_IN5
PortF,PF8,,,,,,SPI5_MISO,SAI1_SCK_B,,,TIM13_CH1,QUADSPI_BK1_IO0,,,,,EVENTOUT,ADC3_IN6
PortF,PF9,,,,,,SPI5_MOSI,SAI1_FS_B,,,TIM14_CH1,QUADSPI_BK1_IO1,,,,,EVENTOUT,ADC3_IN7
PortF,PF10,,,,,,,,,,QUADSPI_CLK,,,,DCMI_D11,LCD_DE,EVENTOUT,ADC3_IN8
PortF,PF11,,,,,,SPI5_MOSI,,,,,,,FMC_SDNRAS,DCMI_D12,,EVENTOUT,
PortF,PF12,,,,,,,,,,,,,FMC_A6,,,EVENTOUT,
PortF,PF13,,,,,,,,,,,,,FMC_A7,,,EVENTOUT,
PortF,PF14,,,,,,,,,,,,,FMC_A8,,,EVENTOUT,
PortF,PF15,,,,,,,,,,,,,FMC_A9,,,EVENTOUT,
PortG,PG0,,,,,,,,,,,,,FMC_A10,,,EVENTOUT,
PortG,PG1,,,,,,,,,,,,,FMC_A11,,,EVENTOUT,
PortG,PG2,,,,,,,,,,,,,FMC_A12,,,EVENTOUT,
PortG,PG3,,,,,,,,,,,,,FMC_A13,,,EVENTOUT,
PortG,PG4,,,,,,,,,,,,,FMC_A14/FMC_BA0,,,EVENTOUT,
PortG,PG5,,,,,,,,,,,,,FMC_A15/FMC_BA1,,,EVENTOUT,
PortG,PG6,,,,,,,,,,,,,,DCMI_D12,LCD_R7,EVENTOUT,
PortG,PG7,,,,,,,SAI1_MCLK_A,,USART6_CK,,,,FMC_INT,DCMI_D13,LCD_CLK,EVENTOUT,
PortG,PG8,,,,,,SPI6_NSS,,,USART6_RTS,,,ETH_PPS_OUT,FMC_SDCLK,,LCD_G7,EVENTOUT,
PortG,PG9,,,,,,,,,USART6_RX,QUADSPI_BK2_IO2,,,FMC_NE2/FMC_NCE,DCMI_VSYNC,,EVENTOUT,
PortG,PG10,,,,,,,,,,LCD_G3,,,FMC_NE3,DCMI_D2,LCD_B2,EVENTOUT,
PortG,PG11,,,,,,,,,,,,ETH_MII_TX_EN/ETH_RMII_TX_EN,,DCMI_D3,LCD_B3,EVENTOUT,
PortG,PG12,,,,,,SPI6_MISO,,,USART6_RTS,LCD_B4,,,FMC_NE4,,LCD_B1,EVENTOUT,
PortG,PG13,TRACED0,,,,,SPI6_SCK,,,USART6_CTS,,,ETH_MII_TXD0/ETH_RMII_TXD0,FMC_A24,,LCD_R0,EVENTOUT,
PortG,PG14,TRACED1,,,,,SPI6_MOSI,,,USART6_TX,QUADSPI_BK2_IO3,,ETH_MII_TXD1/ETH_RMII_TXD1,FMC_A25,,LCD_B0,EVENTOUT,
PortG,PG15,,,,,,,,,USART6_CTS,,,,FMC_SDNCAS,DCMI_D13,,EVENTOUT,
PortH,PH0,,,,,,,,,,,,,,,,EVENTOUT,
PortH,PH1,,,,,,,,,,,,,,,,EVENTOUT,
PortH,PH2,,,,,,,,,,QUADSPI_BK2_IO0,,ETH_MII_CRS,FMC_SDCKE0,,LCD_R0,EVENTOUT,
PortH,PH3,,,,,,,,,,QUADSPI_BK2_IO1,,ETH_MII_COL,FMC_SDNE0,,LCD_R1,EVENTOUT,
PortH,PH4,,,,,I2C2_SCL,,,,,LCD_G5,OTG_HS_ULPI_NXT,,,,LCD_G4,EVENTOUT,
PortH,PH5,,,,,I2C2_SDA,SPI5_NSS,,,,,,,FMC_SDNWE,,,EVENTOUT,
PortH,PH6,,,,,I2C2_SMBA,SPI5_SCK,,,,TIM12_CH1,,ETH_MII_RXD2,FMC_SDNE1,,,EVENTOUT,
PortH,PH7,,,,,I2C3_SCL,SPI5_MISO,,,,,,ETH_MII_RXD3,FMC_SDCKE1,DCMI_D9,,EVENTOUT,
PortH,PH8,,,,,I2C3_SDA,,,,,,,,FMC_D16,DCMI_HSYNC,LCD_R2,EVENTOUT,
PortH,PH9,,,,,I2C3_SMBA,,,,,TIM12_CH2,,,FMC_D17,DCMI_D0,LCD_R3,EVENTOUT,
PortH,PH10,,,TIM5_CH1,,,,,,,,,,FMC_D18,DCMI_D1,LCD_R4,EVENTOUT,
PortH,PH11,,,TIM5_CH2,,,,,,,,,,FMC_D19,DCMI_D2,LCD_R5,EVENTOUT,
PortH,PH12,,,TIM5_CH3,,,,,,,,,,FMC_D20,DCMI_D3,LCD_R6,EVENTOUT,
PortH,PH13,,,,TIM8_CH1N,,,,,,CAN1_TX,,,FMC_D21,,LCD_G2,EVENTOUT,
PortH,PH14,,,,TIM8_CH2N,,,,,,,,,FMC_D22,DCMI_D4,LCD_G3,EVENTOUT,
PortH,PH15,,,,TIM8_CH3N,,,,,,,,,FMC_D23,DCMI_D11,LCD_G4,EVENTOUT,
PortI,PI0,,,TIM5_CH4,,,SPI2_NSS/I2S2_WS,,,,,,,FMC_D24,DCMI_D13,LCD_G5,EVENTOUT,
PortI,PI1,,,,,,SPI2_SCK/I2S2_CK,,,,,,,FMC_D25,DCMI_D8,LCD_G6,EVENTOUT,
PortI,PI2,,,,TIM8_CH4,,SPI2_MISO,I2S2_EXTSD,,,,,,FMC_D26,DCMI_D9,LCD_G7,EVENTOUT,
PortI,PI3,,,,TIM8_ETR,,SPI2_MOSI/I2S2_SD,,,,,,,FMC_D27,DCMI_D10,,EVENTOUT,
PortI,PI4,,,,TIM8_BKIN,,,,,,,,,FMC_NBL2,DCMI_D5,LCD_B4,EVENTOUT,
PortI,PI5,,,,TIM8_CH1,,,,,,,,,FMC_NBL3,DCMI_VSYNC,LCD_B5,EVENTOUT,
PortI,PI6,,,,TIM8_CH2,,,,,,,,,FMC_D28,DCMI_D6,LCD_B6,EVENTOUT,
PortI,PI7,,,,TIM8_CH3,,,,,,,,,FMC_D29,DCMI_D7,LCD_B7,EVENTOUT,
PortI,PI8,,,,,,,,,,,,,,,,EVENTOUT,
PortI,PI9,,,,,,,,,,CAN1_RX,,,FMC_D30,,LCD_VSYNC,EVENTOUT,
PortI,PI10,,,,,,,,,,,,ETH_MII_RX_ER,FMC_D31,,LCD_HSYNC,EVENTOUT,
PortI,PI11,,,,,,,,,,LCD_G6,OTG_HS_ULPI_DIR,,,,,EVENTOUT,
PortI,PI12,,,,,,,,,,,,,,,LCD_HSYNC,EVENTOUT,
PortI,PI13,,,,,,,,,,,,,,,LCD_VSYNC,EVENTOUT,
PortI,PI14,,,,,,,,,,,,,,,LCD_CLK,EVENTOUT,
PortI,PI15,,,,,,,,,,LCD_G2,,,,,LCD_R0,EVENTOUT,
PortJ,PJ0,,,,,,,,,,LCD_R7,,,,,LCD_R1,EVENTOUT,
PortJ,PJ1,,,,,,,,,,,,,,,LCD_R2,EVENTOUT,
PortJ,PJ2,,,,,,,,,,,,,,DSIHOST_TE,LCD_R3,EVENTOUT,
PortJ,PJ3,,,,,,,,,,,,,,,LCD_R4,EVENTOUT,
PortJ,PJ4,,,,,,,,,,,,,,,LCD_R5,EVENTOUT,
PortJ,PJ5,,,,,,,,,,,,,,,LCD_R6,EVENTOUT,
PortJ,PJ12,,,,,,,,,,LCD_G3,,,,,LCD_B0,EVENTOUT,
PortJ,PJ13,,,,,,,,,,LCD_G4,,,,,LCD_B1,EVENTOUT,
PortJ,PJ14,,,,,,,,,,,,,,,LCD_B2,EVENTOUT,
PortJ,PJ15,,,,,,,,,,,,,,,LCD_B3,EVENTOUT,
PortK,PK3,,,,,,,,,,,,,,,LCD_B4,EVENTOUT,
PortK,PK4,,,,,,,,,,,,,,,LCD_B5,EVENTOUT,
PortK,PK5,,,,,,,,,,,,,,,LCD_B6,EVENTOUT,
PortK,PK6,,,,,,,,,,,,,,,LCD_B7,EVENTOUT,
PortK,PK7,,,,,,,,,,,,,,,LCD_DE,EVENTOUT,
